"Column Name","Label"
"GEO_ID","Geography"
"NAME","Geographic Area Name"
"B24050_001E","Estimate!!Total:"
"B24050_001EA","Annotation of Estimate!!Total:"
"B24050_001M","Margin of Error!!Total:"
"B24050_001MA","Annotation of Margin of Error!!Total:"
"B24050_002E","Estimate!!Total:!!Agriculture, forestry, fishing and hunting, and mining:"
"B24050_002M","Margin of Error!!Total:!!Agriculture, forestry, fishing and hunting, and mining:"
"B24050_002MA","Annotation of Margin of Error!!Total:!!Agriculture, forestry, fishing and hunting, and mining:"
"B24050_002EA","Annotation of Estimate!!Total:!!Agriculture, forestry, fishing and hunting, and mining:"
"B24050_003E","Estimate!!Total:!!Agriculture, forestry, fishing and hunting, and mining:!!Agriculture, forestry, fishing and hunting"
"B24050_003M","Margin of Error!!Total:!!Agriculture, forestry, fishing and hunting, and mining:!!Agriculture, forestry, fishing and hunting"
"B24050_003MA","Annotation of Margin of Error!!Total:!!Agriculture, forestry, fishing and hunting, and mining:!!Agriculture, forestry, fishing and hunting"
"B24050_003EA","Annotation of Estimate!!Total:!!Agriculture, forestry, fishing and hunting, and mining:!!Agriculture, forestry, fishing and hunting"
"B24050_004E","Estimate!!Total:!!Agriculture, forestry, fishing and hunting, and mining:!!Mining, quarrying, and oil and gas extraction"
"B24050_004M","Margin of Error!!Total:!!Agriculture, forestry, fishing and hunting, and mining:!!Mining, quarrying, and oil and gas extraction"
"B24050_004MA","Annotation of Margin of Error!!Total:!!Agriculture, forestry, fishing and hunting, and mining:!!Mining, quarrying, and oil and gas extraction"
"B24050_004EA","Annotation of Estimate!!Total:!!Agriculture, forestry, fishing and hunting, and mining:!!Mining, quarrying, and oil and gas extraction"
"B24050_005E","Estimate!!Total:!!Construction"
"B24050_005M","Margin of Error!!Total:!!Construction"
"B24050_005MA","Annotation of Margin of Error!!Total:!!Construction"
"B24050_005EA","Annotation of Estimate!!Total:!!Construction"
"B24050_006E","Estimate!!Total:!!Manufacturing"
"B24050_006M","Margin of Error!!Total:!!Manufacturing"
"B24050_006MA","Annotation of Margin of Error!!Total:!!Manufacturing"
"B24050_006EA","Annotation of Estimate!!Total:!!Manufacturing"
"B24050_007E","Estimate!!Total:!!Wholesale trade"
"B24050_007EA","Annotation of Estimate!!Total:!!Wholesale trade"
"B24050_007M","Margin of Error!!Total:!!Wholesale trade"
"B24050_007MA","Annotation of Margin of Error!!Total:!!Wholesale trade"
"B24050_008E","Estimate!!Total:!!Retail trade"
"B24050_008EA","Annotation of Estimate!!Total:!!Retail trade"
"B24050_008M","Margin of Error!!Total:!!Retail trade"
"B24050_008MA","Annotation of Margin of Error!!Total:!!Retail trade"
"B24050_009E","Estimate!!Total:!!Transportation and warehousing, and utilities:"
"B24050_009EA","Annotation of Estimate!!Total:!!Transportation and warehousing, and utilities:"
"B24050_009M","Margin of Error!!Total:!!Transportation and warehousing, and utilities:"
"B24050_009MA","Annotation of Margin of Error!!Total:!!Transportation and warehousing, and utilities:"
"B24050_010E","Estimate!!Total:!!Transportation and warehousing, and utilities:!!Transportation and warehousing"
"B24050_010EA","Annotation of Estimate!!Total:!!Transportation and warehousing, and utilities:!!Transportation and warehousing"
"B24050_010M","Margin of Error!!Total:!!Transportation and warehousing, and utilities:!!Transportation and warehousing"
"B24050_010MA","Annotation of Margin of Error!!Total:!!Transportation and warehousing, and utilities:!!Transportation and warehousing"
"B24050_011E","Estimate!!Total:!!Transportation and warehousing, and utilities:!!Utilities"
"B24050_011EA","Annotation of Estimate!!Total:!!Transportation and warehousing, and utilities:!!Utilities"
"B24050_011M","Margin of Error!!Total:!!Transportation and warehousing, and utilities:!!Utilities"
"B24050_011MA","Annotation of Margin of Error!!Total:!!Transportation and warehousing, and utilities:!!Utilities"
"B24050_012E","Estimate!!Total:!!Information"
"B24050_012M","Margin of Error!!Total:!!Information"
"B24050_012MA","Annotation of Margin of Error!!Total:!!Information"
"B24050_012EA","Annotation of Estimate!!Total:!!Information"
"B24050_013E","Estimate!!Total:!!Finance and insurance, and real estate, and rental and leasing:"
"B24050_013EA","Annotation of Estimate!!Total:!!Finance and insurance, and real estate, and rental and leasing:"
"B24050_013M","Margin of Error!!Total:!!Finance and insurance, and real estate, and rental and leasing:"
"B24050_013MA","Annotation of Margin of Error!!Total:!!Finance and insurance, and real estate, and rental and leasing:"
"B24050_014E","Estimate!!Total:!!Finance and insurance, and real estate, and rental and leasing:!!Finance and insurance"
"B24050_014EA","Annotation of Estimate!!Total:!!Finance and insurance, and real estate, and rental and leasing:!!Finance and insurance"
"B24050_014M","Margin of Error!!Total:!!Finance and insurance, and real estate, and rental and leasing:!!Finance and insurance"
"B24050_014MA","Annotation of Margin of Error!!Total:!!Finance and insurance, and real estate, and rental and leasing:!!Finance and insurance"
"B24050_015E","Estimate!!Total:!!Finance and insurance, and real estate, and rental and leasing:!!Real estate and rental and leasing"
"B24050_015EA","Annotation of Estimate!!Total:!!Finance and insurance, and real estate, and rental and leasing:!!Real estate and rental and leasing"
"B24050_015M","Margin of Error!!Total:!!Finance and insurance, and real estate, and rental and leasing:!!Real estate and rental and leasing"
"B24050_015MA","Annotation of Margin of Error!!Total:!!Finance and insurance, and real estate, and rental and leasing:!!Real estate and rental and leasing"
"B24050_016E","Estimate!!Total:!!Professional, scientific, and management, and administrative, and waste management services:"
"B24050_016EA","Annotation of Estimate!!Total:!!Professional, scientific, and management, and administrative, and waste management services:"
"B24050_016M","Margin of Error!!Total:!!Professional, scientific, and management, and administrative, and waste management services:"
"B24050_016MA","Annotation of Margin of Error!!Total:!!Professional, scientific, and management, and administrative, and waste management services:"
"B24050_017E","Estimate!!Total:!!Professional, scientific, and management, and administrative, and waste management services:!!Professional, scientific, and technical services"
"B24050_017EA","Annotation of Estimate!!Total:!!Professional, scientific, and management, and administrative, and waste management services:!!Professional, scientific, and technical services"
"B24050_017M","Margin of Error!!Total:!!Professional, scientific, and management, and administrative, and waste management services:!!Professional, scientific, and technical services"
"B24050_017MA","Annotation of Margin of Error!!Total:!!Professional, scientific, and management, and administrative, and waste management services:!!Professional, scientific, and technical services"
"B24050_018E","Estimate!!Total:!!Professional, scientific, and management, and administrative, and waste management services:!!Management of companies and enterprises"
"B24050_018EA","Annotation of Estimate!!Total:!!Professional, scientific, and management, and administrative, and waste management services:!!Management of companies and enterprises"
"B24050_018M","Margin of Error!!Total:!!Professional, scientific, and management, and administrative, and waste management services:!!Management of companies and enterprises"
"B24050_018MA","Annotation of Margin of Error!!Total:!!Professional, scientific, and management, and administrative, and waste management services:!!Management of companies and enterprises"
"B24050_019E","Estimate!!Total:!!Professional, scientific, and management, and administrative, and waste management services:!!Administrative and support and waste management services"
"B24050_019EA","Annotation of Estimate!!Total:!!Professional, scientific, and management, and administrative, and waste management services:!!Administrative and support and waste management services"
"B24050_019M","Margin of Error!!Total:!!Professional, scientific, and management, and administrative, and waste management services:!!Administrative and support and waste management services"
"B24050_019MA","Annotation of Margin of Error!!Total:!!Professional, scientific, and management, and administrative, and waste management services:!!Administrative and support and waste management services"
"B24050_020E","Estimate!!Total:!!Educational services, and health care and social assistance:"
"B24050_020EA","Annotation of Estimate!!Total:!!Educational services, and health care and social assistance:"
"B24050_020M","Margin of Error!!Total:!!Educational services, and health care and social assistance:"
"B24050_020MA","Annotation of Margin of Error!!Total:!!Educational services, and health care and social assistance:"
"B24050_021E","Estimate!!Total:!!Educational services, and health care and social assistance:!!Educational services"
"B24050_021EA","Annotation of Estimate!!Total:!!Educational services, and health care and social assistance:!!Educational services"
"B24050_021M","Margin of Error!!Total:!!Educational services, and health care and social assistance:!!Educational services"
"B24050_021MA","Annotation of Margin of Error!!Total:!!Educational services, and health care and social assistance:!!Educational services"
"B24050_022E","Estimate!!Total:!!Educational services, and health care and social assistance:!!Health care and social assistance"
"B24050_022EA","Annotation of Estimate!!Total:!!Educational services, and health care and social assistance:!!Health care and social assistance"
"B24050_022M","Margin of Error!!Total:!!Educational services, and health care and social assistance:!!Health care and social assistance"
"B24050_022MA","Annotation of Margin of Error!!Total:!!Educational services, and health care and social assistance:!!Health care and social assistance"
"B24050_023E","Estimate!!Total:!!Arts, entertainment, and recreation, and accommodation and food services:"
"B24050_023M","Margin of Error!!Total:!!Arts, entertainment, and recreation, and accommodation and food services:"
"B24050_023MA","Annotation of Margin of Error!!Total:!!Arts, entertainment, and recreation, and accommodation and food services:"
"B24050_023EA","Annotation of Estimate!!Total:!!Arts, entertainment, and recreation, and accommodation and food services:"
"B24050_024E","Estimate!!Total:!!Arts, entertainment, and recreation, and accommodation and food services:!!Arts, entertainment, and recreation"
"B24050_024EA","Annotation of Estimate!!Total:!!Arts, entertainment, and recreation, and accommodation and food services:!!Arts, entertainment, and recreation"
"B24050_024M","Margin of Error!!Total:!!Arts, entertainment, and recreation, and accommodation and food services:!!Arts, entertainment, and recreation"
"B24050_024MA","Annotation of Margin of Error!!Total:!!Arts, entertainment, and recreation, and accommodation and food services:!!Arts, entertainment, and recreation"
"B24050_025E","Estimate!!Total:!!Arts, entertainment, and recreation, and accommodation and food services:!!Accommodation and food services"
"B24050_025EA","Annotation of Estimate!!Total:!!Arts, entertainment, and recreation, and accommodation and food services:!!Accommodation and food services"
"B24050_025M","Margin of Error!!Total:!!Arts, entertainment, and recreation, and accommodation and food services:!!Accommodation and food services"
"B24050_025MA","Annotation of Margin of Error!!Total:!!Arts, entertainment, and recreation, and accommodation and food services:!!Accommodation and food services"
"B24050_026E","Estimate!!Total:!!Other services, except public administration"
"B24050_026EA","Annotation of Estimate!!Total:!!Other services, except public administration"
"B24050_026M","Margin of Error!!Total:!!Other services, except public administration"
"B24050_026MA","Annotation of Margin of Error!!Total:!!Other services, except public administration"
"B24050_027E","Estimate!!Total:!!Public administration"
"B24050_027EA","Annotation of Estimate!!Total:!!Public administration"
"B24050_027M","Margin of Error!!Total:!!Public administration"
"B24050_027MA","Annotation of Margin of Error!!Total:!!Public administration"
"B24050_028E","Estimate!!Total:!!Management, business, science, and arts occupations:"
"B24050_028EA","Annotation of Estimate!!Total:!!Management, business, science, and arts occupations:"
"B24050_028M","Margin of Error!!Total:!!Management, business, science, and arts occupations:"
"B24050_028MA","Annotation of Margin of Error!!Total:!!Management, business, science, and arts occupations:"
"B24050_029E","Estimate!!Total:!!Management, business, science, and arts occupations:!!Agriculture, forestry, fishing and hunting, and mining:"
"B24050_029EA","Annotation of Estimate!!Total:!!Management, business, science, and arts occupations:!!Agriculture, forestry, fishing and hunting, and mining:"
"B24050_029M","Margin of Error!!Total:!!Management, business, science, and arts occupations:!!Agriculture, forestry, fishing and hunting, and mining:"
"B24050_029MA","Annotation of Margin of Error!!Total:!!Management, business, science, and arts occupations:!!Agriculture, forestry, fishing and hunting, and mining:"
"B24050_030E","Estimate!!Total:!!Management, business, science, and arts occupations:!!Agriculture, forestry, fishing and hunting, and mining:!!Agriculture, forestry, fishing and hunting"
"B24050_030EA","Annotation of Estimate!!Total:!!Management, business, science, and arts occupations:!!Agriculture, forestry, fishing and hunting, and mining:!!Agriculture, forestry, fishing and hunting"
"B24050_030M","Margin of Error!!Total:!!Management, business, science, and arts occupations:!!Agriculture, forestry, fishing and hunting, and mining:!!Agriculture, forestry, fishing and hunting"
"B24050_030MA","Annotation of Margin of Error!!Total:!!Management, business, science, and arts occupations:!!Agriculture, forestry, fishing and hunting, and mining:!!Agriculture, forestry, fishing and hunting"
"B24050_031E","Estimate!!Total:!!Management, business, science, and arts occupations:!!Agriculture, forestry, fishing and hunting, and mining:!!Mining, quarrying, and oil and gas extraction"
"B24050_031EA","Annotation of Estimate!!Total:!!Management, business, science, and arts occupations:!!Agriculture, forestry, fishing and hunting, and mining:!!Mining, quarrying, and oil and gas extraction"
"B24050_031M","Margin of Error!!Total:!!Management, business, science, and arts occupations:!!Agriculture, forestry, fishing and hunting, and mining:!!Mining, quarrying, and oil and gas extraction"
"B24050_031MA","Annotation of Margin of Error!!Total:!!Management, business, science, and arts occupations:!!Agriculture, forestry, fishing and hunting, and mining:!!Mining, quarrying, and oil and gas extraction"
"B24050_032E","Estimate!!Total:!!Management, business, science, and arts occupations:!!Construction"
"B24050_032EA","Annotation of Estimate!!Total:!!Management, business, science, and arts occupations:!!Construction"
"B24050_032M","Margin of Error!!Total:!!Management, business, science, and arts occupations:!!Construction"
"B24050_032MA","Annotation of Margin of Error!!Total:!!Management, business, science, and arts occupations:!!Construction"
"B24050_033E","Estimate!!Total:!!Management, business, science, and arts occupations:!!Manufacturing"
"B24050_033EA","Annotation of Estimate!!Total:!!Management, business, science, and arts occupations:!!Manufacturing"
"B24050_033M","Margin of Error!!Total:!!Management, business, science, and arts occupations:!!Manufacturing"
"B24050_033MA","Annotation of Margin of Error!!Total:!!Management, business, science, and arts occupations:!!Manufacturing"
"B24050_034E","Estimate!!Total:!!Management, business, science, and arts occupations:!!Wholesale trade"
"B24050_034EA","Annotation of Estimate!!Total:!!Management, business, science, and arts occupations:!!Wholesale trade"
"B24050_034M","Margin of Error!!Total:!!Management, business, science, and arts occupations:!!Wholesale trade"
"B24050_034MA","Annotation of Margin of Error!!Total:!!Management, business, science, and arts occupations:!!Wholesale trade"
"B24050_035E","Estimate!!Total:!!Management, business, science, and arts occupations:!!Retail trade"
"B24050_035EA","Annotation of Estimate!!Total:!!Management, business, science, and arts occupations:!!Retail trade"
"B24050_035M","Margin of Error!!Total:!!Management, business, science, and arts occupations:!!Retail trade"
"B24050_035MA","Annotation of Margin of Error!!Total:!!Management, business, science, and arts occupations:!!Retail trade"
"B24050_036E","Estimate!!Total:!!Management, business, science, and arts occupations:!!Transportation and warehousing, and utilities:"
"B24050_036EA","Annotation of Estimate!!Total:!!Management, business, science, and arts occupations:!!Transportation and warehousing, and utilities:"
"B24050_036M","Margin of Error!!Total:!!Management, business, science, and arts occupations:!!Transportation and warehousing, and utilities:"
"B24050_036MA","Annotation of Margin of Error!!Total:!!Management, business, science, and arts occupations:!!Transportation and warehousing, and utilities:"
"B24050_037E","Estimate!!Total:!!Management, business, science, and arts occupations:!!Transportation and warehousing, and utilities:!!Transportation and warehousing"
"B24050_037EA","Annotation of Estimate!!Total:!!Management, business, science, and arts occupations:!!Transportation and warehousing, and utilities:!!Transportation and warehousing"
"B24050_037M","Margin of Error!!Total:!!Management, business, science, and arts occupations:!!Transportation and warehousing, and utilities:!!Transportation and warehousing"
"B24050_037MA","Annotation of Margin of Error!!Total:!!Management, business, science, and arts occupations:!!Transportation and warehousing, and utilities:!!Transportation and warehousing"
"B24050_038E","Estimate!!Total:!!Management, business, science, and arts occupations:!!Transportation and warehousing, and utilities:!!Utilities"
"B24050_038EA","Annotation of Estimate!!Total:!!Management, business, science, and arts occupations:!!Transportation and warehousing, and utilities:!!Utilities"
"B24050_038M","Margin of Error!!Total:!!Management, business, science, and arts occupations:!!Transportation and warehousing, and utilities:!!Utilities"
"B24050_038MA","Annotation of Margin of Error!!Total:!!Management, business, science, and arts occupations:!!Transportation and warehousing, and utilities:!!Utilities"
"B24050_039E","Estimate!!Total:!!Management, business, science, and arts occupations:!!Information"
"B24050_039EA","Annotation of Estimate!!Total:!!Management, business, science, and arts occupations:!!Information"
"B24050_039M","Margin of Error!!Total:!!Management, business, science, and arts occupations:!!Information"
"B24050_039MA","Annotation of Margin of Error!!Total:!!Management, business, science, and arts occupations:!!Information"
"B24050_040E","Estimate!!Total:!!Management, business, science, and arts occupations:!!Finance and insurance, and real estate, and rental and leasing:"
"B24050_040EA","Annotation of Estimate!!Total:!!Management, business, science, and arts occupations:!!Finance and insurance, and real estate, and rental and leasing:"
"B24050_040M","Margin of Error!!Total:!!Management, business, science, and arts occupations:!!Finance and insurance, and real estate, and rental and leasing:"
"B24050_040MA","Annotation of Margin of Error!!Total:!!Management, business, science, and arts occupations:!!Finance and insurance, and real estate, and rental and leasing:"
"B24050_041E","Estimate!!Total:!!Management, business, science, and arts occupations:!!Finance and insurance, and real estate, and rental and leasing:!!Finance and insurance"
"B24050_041EA","Annotation of Estimate!!Total:!!Management, business, science, and arts occupations:!!Finance and insurance, and real estate, and rental and leasing:!!Finance and insurance"
"B24050_041M","Margin of Error!!Total:!!Management, business, science, and arts occupations:!!Finance and insurance, and real estate, and rental and leasing:!!Finance and insurance"
"B24050_041MA","Annotation of Margin of Error!!Total:!!Management, business, science, and arts occupations:!!Finance and insurance, and real estate, and rental and leasing:!!Finance and insurance"
"B24050_042E","Estimate!!Total:!!Management, business, science, and arts occupations:!!Finance and insurance, and real estate, and rental and leasing:!!Real estate and rental and leasing"
"B24050_042EA","Annotation of Estimate!!Total:!!Management, business, science, and arts occupations:!!Finance and insurance, and real estate, and rental and leasing:!!Real estate and rental and leasing"
"B24050_042M","Margin of Error!!Total:!!Management, business, science, and arts occupations:!!Finance and insurance, and real estate, and rental and leasing:!!Real estate and rental and leasing"
"B24050_042MA","Annotation of Margin of Error!!Total:!!Management, business, science, and arts occupations:!!Finance and insurance, and real estate, and rental and leasing:!!Real estate and rental and leasing"
"B24050_043E","Estimate!!Total:!!Management, business, science, and arts occupations:!!Professional, scientific, and management, and administrative, and waste management services:"
"B24050_043EA","Annotation of Estimate!!Total:!!Management, business, science, and arts occupations:!!Professional, scientific, and management, and administrative, and waste management services:"
"B24050_043M","Margin of Error!!Total:!!Management, business, science, and arts occupations:!!Professional, scientific, and management, and administrative, and waste management services:"
"B24050_043MA","Annotation of Margin of Error!!Total:!!Management, business, science, and arts occupations:!!Professional, scientific, and management, and administrative, and waste management services:"
"B24050_044E","Estimate!!Total:!!Management, business, science, and arts occupations:!!Professional, scientific, and management, and administrative, and waste management services:!!Professional, scientific, and technical services"
"B24050_044EA","Annotation of Estimate!!Total:!!Management, business, science, and arts occupations:!!Professional, scientific, and management, and administrative, and waste management services:!!Professional, scientific, and technical services"
"B24050_044M","Margin of Error!!Total:!!Management, business, science, and arts occupations:!!Professional, scientific, and management, and administrative, and waste management services:!!Professional, scientific, and technical services"
"B24050_044MA","Annotation of Margin of Error!!Total:!!Management, business, science, and arts occupations:!!Professional, scientific, and management, and administrative, and waste management services:!!Professional, scientific, and technical services"
"B24050_045E","Estimate!!Total:!!Management, business, science, and arts occupations:!!Professional, scientific, and management, and administrative, and waste management services:!!Management of companies and enterprises"
"B24050_045M","Margin of Error!!Total:!!Management, business, science, and arts occupations:!!Professional, scientific, and management, and administrative, and waste management services:!!Management of companies and enterprises"
"B24050_045MA","Annotation of Margin of Error!!Total:!!Management, business, science, and arts occupations:!!Professional, scientific, and management, and administrative, and waste management services:!!Management of companies and enterprises"
"B24050_045EA","Annotation of Estimate!!Total:!!Management, business, science, and arts occupations:!!Professional, scientific, and management, and administrative, and waste management services:!!Management of companies and enterprises"
"B24050_046E","Estimate!!Total:!!Management, business, science, and arts occupations:!!Professional, scientific, and management, and administrative, and waste management services:!!Administrative and support and waste management services"
"B24050_046EA","Annotation of Estimate!!Total:!!Management, business, science, and arts occupations:!!Professional, scientific, and management, and administrative, and waste management services:!!Administrative and support and waste management services"
"B24050_046M","Margin of Error!!Total:!!Management, business, science, and arts occupations:!!Professional, scientific, and management, and administrative, and waste management services:!!Administrative and support and waste management services"
"B24050_046MA","Annotation of Margin of Error!!Total:!!Management, business, science, and arts occupations:!!Professional, scientific, and management, and administrative, and waste management services:!!Administrative and support and waste management services"
"B24050_047E","Estimate!!Total:!!Management, business, science, and arts occupations:!!Educational services, and health care and social assistance:"
"B24050_047EA","Annotation of Estimate!!Total:!!Management, business, science, and arts occupations:!!Educational services, and health care and social assistance:"
"B24050_047M","Margin of Error!!Total:!!Management, business, science, and arts occupations:!!Educational services, and health care and social assistance:"
"B24050_047MA","Annotation of Margin of Error!!Total:!!Management, business, science, and arts occupations:!!Educational services, and health care and social assistance:"
"B24050_048E","Estimate!!Total:!!Management, business, science, and arts occupations:!!Educational services, and health care and social assistance:!!Educational services"
"B24050_048EA","Annotation of Estimate!!Total:!!Management, business, science, and arts occupations:!!Educational services, and health care and social assistance:!!Educational services"
"B24050_048M","Margin of Error!!Total:!!Management, business, science, and arts occupations:!!Educational services, and health care and social assistance:!!Educational services"
"B24050_048MA","Annotation of Margin of Error!!Total:!!Management, business, science, and arts occupations:!!Educational services, and health care and social assistance:!!Educational services"
"B24050_049E","Estimate!!Total:!!Management, business, science, and arts occupations:!!Educational services, and health care and social assistance:!!Health care and social assistance"
"B24050_049EA","Annotation of Estimate!!Total:!!Management, business, science, and arts occupations:!!Educational services, and health care and social assistance:!!Health care and social assistance"
"B24050_049M","Margin of Error!!Total:!!Management, business, science, and arts occupations:!!Educational services, and health care and social assistance:!!Health care and social assistance"
"B24050_049MA","Annotation of Margin of Error!!Total:!!Management, business, science, and arts occupations:!!Educational services, and health care and social assistance:!!Health care and social assistance"
"B24050_050E","Estimate!!Total:!!Management, business, science, and arts occupations:!!Arts, entertainment, and recreation, and accommodation and food services:"
"B24050_050EA","Annotation of Estimate!!Total:!!Management, business, science, and arts occupations:!!Arts, entertainment, and recreation, and accommodation and food services:"
"B24050_050M","Margin of Error!!Total:!!Management, business, science, and arts occupations:!!Arts, entertainment, and recreation, and accommodation and food services:"
"B24050_050MA","Annotation of Margin of Error!!Total:!!Management, business, science, and arts occupations:!!Arts, entertainment, and recreation, and accommodation and food services:"
"B24050_051E","Estimate!!Total:!!Management, business, science, and arts occupations:!!Arts, entertainment, and recreation, and accommodation and food services:!!Arts, entertainment, and recreation"
"B24050_051EA","Annotation of Estimate!!Total:!!Management, business, science, and arts occupations:!!Arts, entertainment, and recreation, and accommodation and food services:!!Arts, entertainment, and recreation"
"B24050_051M","Margin of Error!!Total:!!Management, business, science, and arts occupations:!!Arts, entertainment, and recreation, and accommodation and food services:!!Arts, entertainment, and recreation"
"B24050_051MA","Annotation of Margin of Error!!Total:!!Management, business, science, and arts occupations:!!Arts, entertainment, and recreation, and accommodation and food services:!!Arts, entertainment, and recreation"
"B24050_052E","Estimate!!Total:!!Management, business, science, and arts occupations:!!Arts, entertainment, and recreation, and accommodation and food services:!!Accommodation and food services"
"B24050_052EA","Annotation of Estimate!!Total:!!Management, business, science, and arts occupations:!!Arts, entertainment, and recreation, and accommodation and food services:!!Accommodation and food services"
"B24050_052M","Margin of Error!!Total:!!Management, business, science, and arts occupations:!!Arts, entertainment, and recreation, and accommodation and food services:!!Accommodation and food services"
"B24050_052MA","Annotation of Margin of Error!!Total:!!Management, business, science, and arts occupations:!!Arts, entertainment, and recreation, and accommodation and food services:!!Accommodation and food services"
"B24050_053E","Estimate!!Total:!!Management, business, science, and arts occupations:!!Other services, except public administration"
"B24050_053EA","Annotation of Estimate!!Total:!!Management, business, science, and arts occupations:!!Other services, except public administration"
"B24050_053M","Margin of Error!!Total:!!Management, business, science, and arts occupations:!!Other services, except public administration"
"B24050_053MA","Annotation of Margin of Error!!Total:!!Management, business, science, and arts occupations:!!Other services, except public administration"
"B24050_054E","Estimate!!Total:!!Management, business, science, and arts occupations:!!Public administration"
"B24050_054EA","Annotation of Estimate!!Total:!!Management, business, science, and arts occupations:!!Public administration"
"B24050_054M","Margin of Error!!Total:!!Management, business, science, and arts occupations:!!Public administration"
"B24050_054MA","Annotation of Margin of Error!!Total:!!Management, business, science, and arts occupations:!!Public administration"
"B24050_055E","Estimate!!Total:!!Service occupations:"
"B24050_055EA","Annotation of Estimate!!Total:!!Service occupations:"
"B24050_055M","Margin of Error!!Total:!!Service occupations:"
"B24050_055MA","Annotation of Margin of Error!!Total:!!Service occupations:"
"B24050_056E","Estimate!!Total:!!Service occupations:!!Agriculture, forestry, fishing and hunting, and mining:"
"B24050_056M","Margin of Error!!Total:!!Service occupations:!!Agriculture, forestry, fishing and hunting, and mining:"
"B24050_056MA","Annotation of Margin of Error!!Total:!!Service occupations:!!Agriculture, forestry, fishing and hunting, and mining:"
"B24050_056EA","Annotation of Estimate!!Total:!!Service occupations:!!Agriculture, forestry, fishing and hunting, and mining:"
"B24050_057E","Estimate!!Total:!!Service occupations:!!Agriculture, forestry, fishing and hunting, and mining:!!Agriculture, forestry, fishing and hunting"
"B24050_057EA","Annotation of Estimate!!Total:!!Service occupations:!!Agriculture, forestry, fishing and hunting, and mining:!!Agriculture, forestry, fishing and hunting"
"B24050_057M","Margin of Error!!Total:!!Service occupations:!!Agriculture, forestry, fishing and hunting, and mining:!!Agriculture, forestry, fishing and hunting"
"B24050_057MA","Annotation of Margin of Error!!Total:!!Service occupations:!!Agriculture, forestry, fishing and hunting, and mining:!!Agriculture, forestry, fishing and hunting"
"B24050_058E","Estimate!!Total:!!Service occupations:!!Agriculture, forestry, fishing and hunting, and mining:!!Mining, quarrying, and oil and gas extraction"
"B24050_058EA","Annotation of Estimate!!Total:!!Service occupations:!!Agriculture, forestry, fishing and hunting, and mining:!!Mining, quarrying, and oil and gas extraction"
"B24050_058M","Margin of Error!!Total:!!Service occupations:!!Agriculture, forestry, fishing and hunting, and mining:!!Mining, quarrying, and oil and gas extraction"
"B24050_058MA","Annotation of Margin of Error!!Total:!!Service occupations:!!Agriculture, forestry, fishing and hunting, and mining:!!Mining, quarrying, and oil and gas extraction"
"B24050_059E","Estimate!!Total:!!Service occupations:!!Construction"
"B24050_059EA","Annotation of Estimate!!Total:!!Service occupations:!!Construction"
"B24050_059M","Margin of Error!!Total:!!Service occupations:!!Construction"
"B24050_059MA","Annotation of Margin of Error!!Total:!!Service occupations:!!Construction"
"B24050_060E","Estimate!!Total:!!Service occupations:!!Manufacturing"
"B24050_060EA","Annotation of Estimate!!Total:!!Service occupations:!!Manufacturing"
"B24050_060M","Margin of Error!!Total:!!Service occupations:!!Manufacturing"
"B24050_060MA","Annotation of Margin of Error!!Total:!!Service occupations:!!Manufacturing"
"B24050_061E","Estimate!!Total:!!Service occupations:!!Wholesale trade"
"B24050_061EA","Annotation of Estimate!!Total:!!Service occupations:!!Wholesale trade"
"B24050_061M","Margin of Error!!Total:!!Service occupations:!!Wholesale trade"
"B24050_061MA","Annotation of Margin of Error!!Total:!!Service occupations:!!Wholesale trade"
"B24050_062E","Estimate!!Total:!!Service occupations:!!Retail trade"
"B24050_062EA","Annotation of Estimate!!Total:!!Service occupations:!!Retail trade"
"B24050_062M","Margin of Error!!Total:!!Service occupations:!!Retail trade"
"B24050_062MA","Annotation of Margin of Error!!Total:!!Service occupations:!!Retail trade"
"B24050_063E","Estimate!!Total:!!Service occupations:!!Transportation and warehousing, and utilities:"
"B24050_063EA","Annotation of Estimate!!Total:!!Service occupations:!!Transportation and warehousing, and utilities:"
"B24050_063M","Margin of Error!!Total:!!Service occupations:!!Transportation and warehousing, and utilities:"
"B24050_063MA","Annotation of Margin of Error!!Total:!!Service occupations:!!Transportation and warehousing, and utilities:"
"B24050_064E","Estimate!!Total:!!Service occupations:!!Transportation and warehousing, and utilities:!!Transportation and warehousing"
"B24050_064EA","Annotation of Estimate!!Total:!!Service occupations:!!Transportation and warehousing, and utilities:!!Transportation and warehousing"
"B24050_064M","Margin of Error!!Total:!!Service occupations:!!Transportation and warehousing, and utilities:!!Transportation and warehousing"
"B24050_064MA","Annotation of Margin of Error!!Total:!!Service occupations:!!Transportation and warehousing, and utilities:!!Transportation and warehousing"
"B24050_065E","Estimate!!Total:!!Service occupations:!!Transportation and warehousing, and utilities:!!Utilities"
"B24050_065EA","Annotation of Estimate!!Total:!!Service occupations:!!Transportation and warehousing, and utilities:!!Utilities"
"B24050_065M","Margin of Error!!Total:!!Service occupations:!!Transportation and warehousing, and utilities:!!Utilities"
"B24050_065MA","Annotation of Margin of Error!!Total:!!Service occupations:!!Transportation and warehousing, and utilities:!!Utilities"
"B24050_066E","Estimate!!Total:!!Service occupations:!!Information"
"B24050_066EA","Annotation of Estimate!!Total:!!Service occupations:!!Information"
"B24050_066M","Margin of Error!!Total:!!Service occupations:!!Information"
"B24050_066MA","Annotation of Margin of Error!!Total:!!Service occupations:!!Information"
"B24050_067E","Estimate!!Total:!!Service occupations:!!Finance and insurance, and real estate, and rental and leasing:"
"B24050_067M","Margin of Error!!Total:!!Service occupations:!!Finance and insurance, and real estate, and rental and leasing:"
"B24050_067MA","Annotation of Margin of Error!!Total:!!Service occupations:!!Finance and insurance, and real estate, and rental and leasing:"
"B24050_067EA","Annotation of Estimate!!Total:!!Service occupations:!!Finance and insurance, and real estate, and rental and leasing:"
"B24050_068E","Estimate!!Total:!!Service occupations:!!Finance and insurance, and real estate, and rental and leasing:!!Finance and insurance"
"B24050_068EA","Annotation of Estimate!!Total:!!Service occupations:!!Finance and insurance, and real estate, and rental and leasing:!!Finance and insurance"
"B24050_068M","Margin of Error!!Total:!!Service occupations:!!Finance and insurance, and real estate, and rental and leasing:!!Finance and insurance"
"B24050_068MA","Annotation of Margin of Error!!Total:!!Service occupations:!!Finance and insurance, and real estate, and rental and leasing:!!Finance and insurance"
"B24050_069E","Estimate!!Total:!!Service occupations:!!Finance and insurance, and real estate, and rental and leasing:!!Real estate and rental and leasing"
"B24050_069EA","Annotation of Estimate!!Total:!!Service occupations:!!Finance and insurance, and real estate, and rental and leasing:!!Real estate and rental and leasing"
"B24050_069M","Margin of Error!!Total:!!Service occupations:!!Finance and insurance, and real estate, and rental and leasing:!!Real estate and rental and leasing"
"B24050_069MA","Annotation of Margin of Error!!Total:!!Service occupations:!!Finance and insurance, and real estate, and rental and leasing:!!Real estate and rental and leasing"
"B24050_070E","Estimate!!Total:!!Service occupations:!!Professional, scientific, and management, and administrative, and waste management services:"
"B24050_070EA","Annotation of Estimate!!Total:!!Service occupations:!!Professional, scientific, and management, and administrative, and waste management services:"
"B24050_070M","Margin of Error!!Total:!!Service occupations:!!Professional, scientific, and management, and administrative, and waste management services:"
"B24050_070MA","Annotation of Margin of Error!!Total:!!Service occupations:!!Professional, scientific, and management, and administrative, and waste management services:"
"B24050_071E","Estimate!!Total:!!Service occupations:!!Professional, scientific, and management, and administrative, and waste management services:!!Professional, scientific, and technical services"
"B24050_071EA","Annotation of Estimate!!Total:!!Service occupations:!!Professional, scientific, and management, and administrative, and waste management services:!!Professional, scientific, and technical services"
"B24050_071M","Margin of Error!!Total:!!Service occupations:!!Professional, scientific, and management, and administrative, and waste management services:!!Professional, scientific, and technical services"
"B24050_071MA","Annotation of Margin of Error!!Total:!!Service occupations:!!Professional, scientific, and management, and administrative, and waste management services:!!Professional, scientific, and technical services"
"B24050_072E","Estimate!!Total:!!Service occupations:!!Professional, scientific, and management, and administrative, and waste management services:!!Management of companies and enterprises"
"B24050_072EA","Annotation of Estimate!!Total:!!Service occupations:!!Professional, scientific, and management, and administrative, and waste management services:!!Management of companies and enterprises"
"B24050_072M","Margin of Error!!Total:!!Service occupations:!!Professional, scientific, and management, and administrative, and waste management services:!!Management of companies and enterprises"
"B24050_072MA","Annotation of Margin of Error!!Total:!!Service occupations:!!Professional, scientific, and management, and administrative, and waste management services:!!Management of companies and enterprises"
"B24050_073E","Estimate!!Total:!!Service occupations:!!Professional, scientific, and management, and administrative, and waste management services:!!Administrative and support and waste management services"
"B24050_073EA","Annotation of Estimate!!Total:!!Service occupations:!!Professional, scientific, and management, and administrative, and waste management services:!!Administrative and support and waste management services"
"B24050_073M","Margin of Error!!Total:!!Service occupations:!!Professional, scientific, and management, and administrative, and waste management services:!!Administrative and support and waste management services"
"B24050_073MA","Annotation of Margin of Error!!Total:!!Service occupations:!!Professional, scientific, and management, and administrative, and waste management services:!!Administrative and support and waste management services"
"B24050_074E","Estimate!!Total:!!Service occupations:!!Educational services, and health care and social assistance:"
"B24050_074EA","Annotation of Estimate!!Total:!!Service occupations:!!Educational services, and health care and social assistance:"
"B24050_074M","Margin of Error!!Total:!!Service occupations:!!Educational services, and health care and social assistance:"
"B24050_074MA","Annotation of Margin of Error!!Total:!!Service occupations:!!Educational services, and health care and social assistance:"
"B24050_075E","Estimate!!Total:!!Service occupations:!!Educational services, and health care and social assistance:!!Educational services"
"B24050_075EA","Annotation of Estimate!!Total:!!Service occupations:!!Educational services, and health care and social assistance:!!Educational services"
"B24050_075M","Margin of Error!!Total:!!Service occupations:!!Educational services, and health care and social assistance:!!Educational services"
"B24050_075MA","Annotation of Margin of Error!!Total:!!Service occupations:!!Educational services, and health care and social assistance:!!Educational services"
"B24050_076E","Estimate!!Total:!!Service occupations:!!Educational services, and health care and social assistance:!!Health care and social assistance"
"B24050_076EA","Annotation of Estimate!!Total:!!Service occupations:!!Educational services, and health care and social assistance:!!Health care and social assistance"
"B24050_076M","Margin of Error!!Total:!!Service occupations:!!Educational services, and health care and social assistance:!!Health care and social assistance"
"B24050_076MA","Annotation of Margin of Error!!Total:!!Service occupations:!!Educational services, and health care and social assistance:!!Health care and social assistance"
"B24050_077E","Estimate!!Total:!!Service occupations:!!Arts, entertainment, and recreation, and accommodation and food services:"
"B24050_077EA","Annotation of Estimate!!Total:!!Service occupations:!!Arts, entertainment, and recreation, and accommodation and food services:"
"B24050_077M","Margin of Error!!Total:!!Service occupations:!!Arts, entertainment, and recreation, and accommodation and food services:"
"B24050_077MA","Annotation of Margin of Error!!Total:!!Service occupations:!!Arts, entertainment, and recreation, and accommodation and food services:"
"B24050_078E","Estimate!!Total:!!Service occupations:!!Arts, entertainment, and recreation, and accommodation and food services:!!Arts, entertainment, and recreation"
"B24050_078M","Margin of Error!!Total:!!Service occupations:!!Arts, entertainment, and recreation, and accommodation and food services:!!Arts, entertainment, and recreation"
"B24050_078MA","Annotation of Margin of Error!!Total:!!Service occupations:!!Arts, entertainment, and recreation, and accommodation and food services:!!Arts, entertainment, and recreation"
"B24050_078EA","Annotation of Estimate!!Total:!!Service occupations:!!Arts, entertainment, and recreation, and accommodation and food services:!!Arts, entertainment, and recreation"
"B24050_079E","Estimate!!Total:!!Service occupations:!!Arts, entertainment, and recreation, and accommodation and food services:!!Accommodation and food services"
"B24050_079EA","Annotation of Estimate!!Total:!!Service occupations:!!Arts, entertainment, and recreation, and accommodation and food services:!!Accommodation and food services"
"B24050_079M","Margin of Error!!Total:!!Service occupations:!!Arts, entertainment, and recreation, and accommodation and food services:!!Accommodation and food services"
"B24050_079MA","Annotation of Margin of Error!!Total:!!Service occupations:!!Arts, entertainment, and recreation, and accommodation and food services:!!Accommodation and food services"
"B24050_080E","Estimate!!Total:!!Service occupations:!!Other services, except public administration"
"B24050_080EA","Annotation of Estimate!!Total:!!Service occupations:!!Other services, except public administration"
"B24050_080M","Margin of Error!!Total:!!Service occupations:!!Other services, except public administration"
"B24050_080MA","Annotation of Margin of Error!!Total:!!Service occupations:!!Other services, except public administration"
"B24050_081E","Estimate!!Total:!!Service occupations:!!Public administration"
"B24050_081EA","Annotation of Estimate!!Total:!!Service occupations:!!Public administration"
"B24050_081M","Margin of Error!!Total:!!Service occupations:!!Public administration"
"B24050_081MA","Annotation of Margin of Error!!Total:!!Service occupations:!!Public administration"
"B24050_082E","Estimate!!Total:!!Sales and office occupations:"
"B24050_082EA","Annotation of Estimate!!Total:!!Sales and office occupations:"
"B24050_082M","Margin of Error!!Total:!!Sales and office occupations:"
"B24050_082MA","Annotation of Margin of Error!!Total:!!Sales and office occupations:"
"B24050_083E","Estimate!!Total:!!Sales and office occupations:!!Agriculture, forestry, fishing and hunting, and mining:"
"B24050_083EA","Annotation of Estimate!!Total:!!Sales and office occupations:!!Agriculture, forestry, fishing and hunting, and mining:"
"B24050_083M","Margin of Error!!Total:!!Sales and office occupations:!!Agriculture, forestry, fishing and hunting, and mining:"
"B24050_083MA","Annotation of Margin of Error!!Total:!!Sales and office occupations:!!Agriculture, forestry, fishing and hunting, and mining:"
"B24050_084E","Estimate!!Total:!!Sales and office occupations:!!Agriculture, forestry, fishing and hunting, and mining:!!Agriculture, forestry, fishing and hunting"
"B24050_084EA","Annotation of Estimate!!Total:!!Sales and office occupations:!!Agriculture, forestry, fishing and hunting, and mining:!!Agriculture, forestry, fishing and hunting"
"B24050_084M","Margin of Error!!Total:!!Sales and office occupations:!!Agriculture, forestry, fishing and hunting, and mining:!!Agriculture, forestry, fishing and hunting"
"B24050_084MA","Annotation of Margin of Error!!Total:!!Sales and office occupations:!!Agriculture, forestry, fishing and hunting, and mining:!!Agriculture, forestry, fishing and hunting"
"B24050_085E","Estimate!!Total:!!Sales and office occupations:!!Agriculture, forestry, fishing and hunting, and mining:!!Mining, quarrying, and oil and gas extraction"
"B24050_085EA","Annotation of Estimate!!Total:!!Sales and office occupations:!!Agriculture, forestry, fishing and hunting, and mining:!!Mining, quarrying, and oil and gas extraction"
"B24050_085M","Margin of Error!!Total:!!Sales and office occupations:!!Agriculture, forestry, fishing and hunting, and mining:!!Mining, quarrying, and oil and gas extraction"
"B24050_085MA","Annotation of Margin of Error!!Total:!!Sales and office occupations:!!Agriculture, forestry, fishing and hunting, and mining:!!Mining, quarrying, and oil and gas extraction"
"B24050_086E","Estimate!!Total:!!Sales and office occupations:!!Construction"
"B24050_086EA","Annotation of Estimate!!Total:!!Sales and office occupations:!!Construction"
"B24050_086M","Margin of Error!!Total:!!Sales and office occupations:!!Construction"
"B24050_086MA","Annotation of Margin of Error!!Total:!!Sales and office occupations:!!Construction"
"B24050_087E","Estimate!!Total:!!Sales and office occupations:!!Manufacturing"
"B24050_087EA","Annotation of Estimate!!Total:!!Sales and office occupations:!!Manufacturing"
"B24050_087M","Margin of Error!!Total:!!Sales and office occupations:!!Manufacturing"
"B24050_087MA","Annotation of Margin of Error!!Total:!!Sales and office occupations:!!Manufacturing"
"B24050_088E","Estimate!!Total:!!Sales and office occupations:!!Wholesale trade"
"B24050_088EA","Annotation of Estimate!!Total:!!Sales and office occupations:!!Wholesale trade"
"B24050_088M","Margin of Error!!Total:!!Sales and office occupations:!!Wholesale trade"
"B24050_088MA","Annotation of Margin of Error!!Total:!!Sales and office occupations:!!Wholesale trade"
"B24050_089E","Estimate!!Total:!!Sales and office occupations:!!Retail trade"
"B24050_089EA","Annotation of Estimate!!Total:!!Sales and office occupations:!!Retail trade"
"B24050_089M","Margin of Error!!Total:!!Sales and office occupations:!!Retail trade"
"B24050_089MA","Annotation of Margin of Error!!Total:!!Sales and office occupations:!!Retail trade"
"B24050_090E","Estimate!!Total:!!Sales and office occupations:!!Transportation and warehousing, and utilities:"
"B24050_090EA","Annotation of Estimate!!Total:!!Sales and office occupations:!!Transportation and warehousing, and utilities:"
"B24050_090M","Margin of Error!!Total:!!Sales and office occupations:!!Transportation and warehousing, and utilities:"
"B24050_090MA","Annotation of Margin of Error!!Total:!!Sales and office occupations:!!Transportation and warehousing, and utilities:"
"B24050_091E","Estimate!!Total:!!Sales and office occupations:!!Transportation and warehousing, and utilities:!!Transportation and warehousing"
"B24050_091EA","Annotation of Estimate!!Total:!!Sales and office occupations:!!Transportation and warehousing, and utilities:!!Transportation and warehousing"
"B24050_091M","Margin of Error!!Total:!!Sales and office occupations:!!Transportation and warehousing, and utilities:!!Transportation and warehousing"
"B24050_091MA","Annotation of Margin of Error!!Total:!!Sales and office occupations:!!Transportation and warehousing, and utilities:!!Transportation and warehousing"
"B24050_092E","Estimate!!Total:!!Sales and office occupations:!!Transportation and warehousing, and utilities:!!Utilities"
"B24050_092EA","Annotation of Estimate!!Total:!!Sales and office occupations:!!Transportation and warehousing, and utilities:!!Utilities"
"B24050_092M","Margin of Error!!Total:!!Sales and office occupations:!!Transportation and warehousing, and utilities:!!Utilities"
"B24050_092MA","Annotation of Margin of Error!!Total:!!Sales and office occupations:!!Transportation and warehousing, and utilities:!!Utilities"
"B24050_093E","Estimate!!Total:!!Sales and office occupations:!!Information"
"B24050_093EA","Annotation of Estimate!!Total:!!Sales and office occupations:!!Information"
"B24050_093M","Margin of Error!!Total:!!Sales and office occupations:!!Information"
"B24050_093MA","Annotation of Margin of Error!!Total:!!Sales and office occupations:!!Information"
"B24050_094E","Estimate!!Total:!!Sales and office occupations:!!Finance and insurance, and real estate, and rental and leasing:"
"B24050_094EA","Annotation of Estimate!!Total:!!Sales and office occupations:!!Finance and insurance, and real estate, and rental and leasing:"
"B24050_094M","Margin of Error!!Total:!!Sales and office occupations:!!Finance and insurance, and real estate, and rental and leasing:"
"B24050_094MA","Annotation of Margin of Error!!Total:!!Sales and office occupations:!!Finance and insurance, and real estate, and rental and leasing:"
"B24050_095E","Estimate!!Total:!!Sales and office occupations:!!Finance and insurance, and real estate, and rental and leasing:!!Finance and insurance"
"B24050_095EA","Annotation of Estimate!!Total:!!Sales and office occupations:!!Finance and insurance, and real estate, and rental and leasing:!!Finance and insurance"
"B24050_095M","Margin of Error!!Total:!!Sales and office occupations:!!Finance and insurance, and real estate, and rental and leasing:!!Finance and insurance"
"B24050_095MA","Annotation of Margin of Error!!Total:!!Sales and office occupations:!!Finance and insurance, and real estate, and rental and leasing:!!Finance and insurance"
"B24050_096E","Estimate!!Total:!!Sales and office occupations:!!Finance and insurance, and real estate, and rental and leasing:!!Real estate and rental and leasing"
"B24050_096EA","Annotation of Estimate!!Total:!!Sales and office occupations:!!Finance and insurance, and real estate, and rental and leasing:!!Real estate and rental and leasing"
"B24050_096M","Margin of Error!!Total:!!Sales and office occupations:!!Finance and insurance, and real estate, and rental and leasing:!!Real estate and rental and leasing"
"B24050_096MA","Annotation of Margin of Error!!Total:!!Sales and office occupations:!!Finance and insurance, and real estate, and rental and leasing:!!Real estate and rental and leasing"
"B24050_097E","Estimate!!Total:!!Sales and office occupations:!!Professional, scientific, and management, and administrative, and waste management services:"
"B24050_097EA","Annotation of Estimate!!Total:!!Sales and office occupations:!!Professional, scientific, and management, and administrative, and waste management services:"
"B24050_097M","Margin of Error!!Total:!!Sales and office occupations:!!Professional, scientific, and management, and administrative, and waste management services:"
"B24050_097MA","Annotation of Margin of Error!!Total:!!Sales and office occupations:!!Professional, scientific, and management, and administrative, and waste management services:"
"B24050_098E","Estimate!!Total:!!Sales and office occupations:!!Professional, scientific, and management, and administrative, and waste management services:!!Professional, scientific, and technical services"
"B24050_098EA","Annotation of Estimate!!Total:!!Sales and office occupations:!!Professional, scientific, and management, and administrative, and waste management services:!!Professional, scientific, and technical services"
"B24050_098M","Margin of Error!!Total:!!Sales and office occupations:!!Professional, scientific, and management, and administrative, and waste management services:!!Professional, scientific, and technical services"
"B24050_098MA","Annotation of Margin of Error!!Total:!!Sales and office occupations:!!Professional, scientific, and management, and administrative, and waste management services:!!Professional, scientific, and technical services"
"B24050_099E","Estimate!!Total:!!Sales and office occupations:!!Professional, scientific, and management, and administrative, and waste management services:!!Management of companies and enterprises"
"B24050_099EA","Annotation of Estimate!!Total:!!Sales and office occupations:!!Professional, scientific, and management, and administrative, and waste management services:!!Management of companies and enterprises"
"B24050_099M","Margin of Error!!Total:!!Sales and office occupations:!!Professional, scientific, and management, and administrative, and waste management services:!!Management of companies and enterprises"
"B24050_099MA","Annotation of Margin of Error!!Total:!!Sales and office occupations:!!Professional, scientific, and management, and administrative, and waste management services:!!Management of companies and enterprises"
"B24050_100E","Estimate!!Total:!!Sales and office occupations:!!Professional, scientific, and management, and administrative, and waste management services:!!Administrative and support and waste management services"
"B24050_100M","Margin of Error!!Total:!!Sales and office occupations:!!Professional, scientific, and management, and administrative, and waste management services:!!Administrative and support and waste management services"
"B24050_100MA","Annotation of Margin of Error!!Total:!!Sales and office occupations:!!Professional, scientific, and management, and administrative, and waste management services:!!Administrative and support and waste management services"
"B24050_100EA","Annotation of Estimate!!Total:!!Sales and office occupations:!!Professional, scientific, and management, and administrative, and waste management services:!!Administrative and support and waste management services"
"B24050_101E","Estimate!!Total:!!Sales and office occupations:!!Educational services, and health care and social assistance:"
"B24050_101EA","Annotation of Estimate!!Total:!!Sales and office occupations:!!Educational services, and health care and social assistance:"
"B24050_101M","Margin of Error!!Total:!!Sales and office occupations:!!Educational services, and health care and social assistance:"
"B24050_101MA","Annotation of Margin of Error!!Total:!!Sales and office occupations:!!Educational services, and health care and social assistance:"
"B24050_102E","Estimate!!Total:!!Sales and office occupations:!!Educational services, and health care and social assistance:!!Educational services"
"B24050_102EA","Annotation of Estimate!!Total:!!Sales and office occupations:!!Educational services, and health care and social assistance:!!Educational services"
"B24050_102M","Margin of Error!!Total:!!Sales and office occupations:!!Educational services, and health care and social assistance:!!Educational services"
"B24050_102MA","Annotation of Margin of Error!!Total:!!Sales and office occupations:!!Educational services, and health care and social assistance:!!Educational services"
"B24050_103E","Estimate!!Total:!!Sales and office occupations:!!Educational services, and health care and social assistance:!!Health care and social assistance"
"B24050_103EA","Annotation of Estimate!!Total:!!Sales and office occupations:!!Educational services, and health care and social assistance:!!Health care and social assistance"
"B24050_103M","Margin of Error!!Total:!!Sales and office occupations:!!Educational services, and health care and social assistance:!!Health care and social assistance"
"B24050_103MA","Annotation of Margin of Error!!Total:!!Sales and office occupations:!!Educational services, and health care and social assistance:!!Health care and social assistance"
"B24050_104E","Estimate!!Total:!!Sales and office occupations:!!Arts, entertainment, and recreation, and accommodation and food services:"
"B24050_104EA","Annotation of Estimate!!Total:!!Sales and office occupations:!!Arts, entertainment, and recreation, and accommodation and food services:"
"B24050_104M","Margin of Error!!Total:!!Sales and office occupations:!!Arts, entertainment, and recreation, and accommodation and food services:"
"B24050_104MA","Annotation of Margin of Error!!Total:!!Sales and office occupations:!!Arts, entertainment, and recreation, and accommodation and food services:"
"B24050_105E","Estimate!!Total:!!Sales and office occupations:!!Arts, entertainment, and recreation, and accommodation and food services:!!Arts, entertainment, and recreation"
"B24050_105EA","Annotation of Estimate!!Total:!!Sales and office occupations:!!Arts, entertainment, and recreation, and accommodation and food services:!!Arts, entertainment, and recreation"
"B24050_105M","Margin of Error!!Total:!!Sales and office occupations:!!Arts, entertainment, and recreation, and accommodation and food services:!!Arts, entertainment, and recreation"
"B24050_105MA","Annotation of Margin of Error!!Total:!!Sales and office occupations:!!Arts, entertainment, and recreation, and accommodation and food services:!!Arts, entertainment, and recreation"
"B24050_106E","Estimate!!Total:!!Sales and office occupations:!!Arts, entertainment, and recreation, and accommodation and food services:!!Accommodation and food services"
"B24050_106EA","Annotation of Estimate!!Total:!!Sales and office occupations:!!Arts, entertainment, and recreation, and accommodation and food services:!!Accommodation and food services"
"B24050_106M","Margin of Error!!Total:!!Sales and office occupations:!!Arts, entertainment, and recreation, and accommodation and food services:!!Accommodation and food services"
"B24050_106MA","Annotation of Margin of Error!!Total:!!Sales and office occupations:!!Arts, entertainment, and recreation, and accommodation and food services:!!Accommodation and food services"
"B24050_107E","Estimate!!Total:!!Sales and office occupations:!!Other services, except public administration"
"B24050_107EA","Annotation of Estimate!!Total:!!Sales and office occupations:!!Other services, except public administration"
"B24050_107M","Margin of Error!!Total:!!Sales and office occupations:!!Other services, except public administration"
"B24050_107MA","Annotation of Margin of Error!!Total:!!Sales and office occupations:!!Other services, except public administration"
"B24050_108E","Estimate!!Total:!!Sales and office occupations:!!Public administration"
"B24050_108EA","Annotation of Estimate!!Total:!!Sales and office occupations:!!Public administration"
"B24050_108M","Margin of Error!!Total:!!Sales and office occupations:!!Public administration"
"B24050_108MA","Annotation of Margin of Error!!Total:!!Sales and office occupations:!!Public administration"
"B24050_109E","Estimate!!Total:!!Natural resources, construction, and maintenance occupations:"
"B24050_109EA","Annotation of Estimate!!Total:!!Natural resources, construction, and maintenance occupations:"
"B24050_109M","Margin of Error!!Total:!!Natural resources, construction, and maintenance occupations:"
"B24050_109MA","Annotation of Margin of Error!!Total:!!Natural resources, construction, and maintenance occupations:"
"B24050_110E","Estimate!!Total:!!Natural resources, construction, and maintenance occupations:!!Agriculture, forestry, fishing and hunting, and mining:"
"B24050_110EA","Annotation of Estimate!!Total:!!Natural resources, construction, and maintenance occupations:!!Agriculture, forestry, fishing and hunting, and mining:"
"B24050_110M","Margin of Error!!Total:!!Natural resources, construction, and maintenance occupations:!!Agriculture, forestry, fishing and hunting, and mining:"
"B24050_110MA","Annotation of Margin of Error!!Total:!!Natural resources, construction, and maintenance occupations:!!Agriculture, forestry, fishing and hunting, and mining:"
"B24050_111E","Estimate!!Total:!!Natural resources, construction, and maintenance occupations:!!Agriculture, forestry, fishing and hunting, and mining:!!Agriculture, forestry, fishing and hunting"
"B24050_111EA","Annotation of Estimate!!Total:!!Natural resources, construction, and maintenance occupations:!!Agriculture, forestry, fishing and hunting, and mining:!!Agriculture, forestry, fishing and hunting"
"B24050_111M","Margin of Error!!Total:!!Natural resources, construction, and maintenance occupations:!!Agriculture, forestry, fishing and hunting, and mining:!!Agriculture, forestry, fishing and hunting"
"B24050_111MA","Annotation of Margin of Error!!Total:!!Natural resources, construction, and maintenance occupations:!!Agriculture, forestry, fishing and hunting, and mining:!!Agriculture, forestry, fishing and hunting"
"B24050_112E","Estimate!!Total:!!Natural resources, construction, and maintenance occupations:!!Agriculture, forestry, fishing and hunting, and mining:!!Mining, quarrying, and oil and gas extraction"
"B24050_112EA","Annotation of Estimate!!Total:!!Natural resources, construction, and maintenance occupations:!!Agriculture, forestry, fishing and hunting, and mining:!!Mining, quarrying, and oil and gas extraction"
"B24050_112M","Margin of Error!!Total:!!Natural resources, construction, and maintenance occupations:!!Agriculture, forestry, fishing and hunting, and mining:!!Mining, quarrying, and oil and gas extraction"
"B24050_112MA","Annotation of Margin of Error!!Total:!!Natural resources, construction, and maintenance occupations:!!Agriculture, forestry, fishing and hunting, and mining:!!Mining, quarrying, and oil and gas extraction"
"B24050_113E","Estimate!!Total:!!Natural resources, construction, and maintenance occupations:!!Construction"
"B24050_113EA","Annotation of Estimate!!Total:!!Natural resources, construction, and maintenance occupations:!!Construction"
"B24050_113M","Margin of Error!!Total:!!Natural resources, construction, and maintenance occupations:!!Construction"
"B24050_113MA","Annotation of Margin of Error!!Total:!!Natural resources, construction, and maintenance occupations:!!Construction"
"B24050_114E","Estimate!!Total:!!Natural resources, construction, and maintenance occupations:!!Manufacturing"
"B24050_114EA","Annotation of Estimate!!Total:!!Natural resources, construction, and maintenance occupations:!!Manufacturing"
"B24050_114M","Margin of Error!!Total:!!Natural resources, construction, and maintenance occupations:!!Manufacturing"
"B24050_114MA","Annotation of Margin of Error!!Total:!!Natural resources, construction, and maintenance occupations:!!Manufacturing"
"B24050_115E","Estimate!!Total:!!Natural resources, construction, and maintenance occupations:!!Wholesale trade"
"B24050_115EA","Annotation of Estimate!!Total:!!Natural resources, construction, and maintenance occupations:!!Wholesale trade"
"B24050_115M","Margin of Error!!Total:!!Natural resources, construction, and maintenance occupations:!!Wholesale trade"
"B24050_115MA","Annotation of Margin of Error!!Total:!!Natural resources, construction, and maintenance occupations:!!Wholesale trade"
"B24050_116E","Estimate!!Total:!!Natural resources, construction, and maintenance occupations:!!Retail trade"
"B24050_116EA","Annotation of Estimate!!Total:!!Natural resources, construction, and maintenance occupations:!!Retail trade"
"B24050_116M","Margin of Error!!Total:!!Natural resources, construction, and maintenance occupations:!!Retail trade"
"B24050_116MA","Annotation of Margin of Error!!Total:!!Natural resources, construction, and maintenance occupations:!!Retail trade"
"B24050_117E","Estimate!!Total:!!Natural resources, construction, and maintenance occupations:!!Transportation and warehousing, and utilities:"
"B24050_117EA","Annotation of Estimate!!Total:!!Natural resources, construction, and maintenance occupations:!!Transportation and warehousing, and utilities:"
"B24050_117M","Margin of Error!!Total:!!Natural resources, construction, and maintenance occupations:!!Transportation and warehousing, and utilities:"
"B24050_117MA","Annotation of Margin of Error!!Total:!!Natural resources, construction, and maintenance occupations:!!Transportation and warehousing, and utilities:"
"B24050_118E","Estimate!!Total:!!Natural resources, construction, and maintenance occupations:!!Transportation and warehousing, and utilities:!!Transportation and warehousing"
"B24050_118EA","Annotation of Estimate!!Total:!!Natural resources, construction, and maintenance occupations:!!Transportation and warehousing, and utilities:!!Transportation and warehousing"
"B24050_118M","Margin of Error!!Total:!!Natural resources, construction, and maintenance occupations:!!Transportation and warehousing, and utilities:!!Transportation and warehousing"
"B24050_118MA","Annotation of Margin of Error!!Total:!!Natural resources, construction, and maintenance occupations:!!Transportation and warehousing, and utilities:!!Transportation and warehousing"
"B24050_119E","Estimate!!Total:!!Natural resources, construction, and maintenance occupations:!!Transportation and warehousing, and utilities:!!Utilities"
"B24050_119EA","Annotation of Estimate!!Total:!!Natural resources, construction, and maintenance occupations:!!Transportation and warehousing, and utilities:!!Utilities"
"B24050_119M","Margin of Error!!Total:!!Natural resources, construction, and maintenance occupations:!!Transportation and warehousing, and utilities:!!Utilities"
"B24050_119MA","Annotation of Margin of Error!!Total:!!Natural resources, construction, and maintenance occupations:!!Transportation and warehousing, and utilities:!!Utilities"
"B24050_120E","Estimate!!Total:!!Natural resources, construction, and maintenance occupations:!!Information"
"B24050_120EA","Annotation of Estimate!!Total:!!Natural resources, construction, and maintenance occupations:!!Information"
"B24050_120M","Margin of Error!!Total:!!Natural resources, construction, and maintenance occupations:!!Information"
"B24050_120MA","Annotation of Margin of Error!!Total:!!Natural resources, construction, and maintenance occupations:!!Information"
"B24050_121E","Estimate!!Total:!!Natural resources, construction, and maintenance occupations:!!Finance and insurance, and real estate, and rental and leasing:"
"B24050_121EA","Annotation of Estimate!!Total:!!Natural resources, construction, and maintenance occupations:!!Finance and insurance, and real estate, and rental and leasing:"
"B24050_121M","Margin of Error!!Total:!!Natural resources, construction, and maintenance occupations:!!Finance and insurance, and real estate, and rental and leasing:"
"B24050_121MA","Annotation of Margin of Error!!Total:!!Natural resources, construction, and maintenance occupations:!!Finance and insurance, and real estate, and rental and leasing:"
"B24050_122E","Estimate!!Total:!!Natural resources, construction, and maintenance occupations:!!Finance and insurance, and real estate, and rental and leasing:!!Finance and insurance"
"B24050_122M","Margin of Error!!Total:!!Natural resources, construction, and maintenance occupations:!!Finance and insurance, and real estate, and rental and leasing:!!Finance and insurance"
"B24050_122MA","Annotation of Margin of Error!!Total:!!Natural resources, construction, and maintenance occupations:!!Finance and insurance, and real estate, and rental and leasing:!!Finance and insurance"
"B24050_122EA","Annotation of Estimate!!Total:!!Natural resources, construction, and maintenance occupations:!!Finance and insurance, and real estate, and rental and leasing:!!Finance and insurance"
"B24050_123E","Estimate!!Total:!!Natural resources, construction, and maintenance occupations:!!Finance and insurance, and real estate, and rental and leasing:!!Real estate and rental and leasing"
"B24050_123EA","Annotation of Estimate!!Total:!!Natural resources, construction, and maintenance occupations:!!Finance and insurance, and real estate, and rental and leasing:!!Real estate and rental and leasing"
"B24050_123M","Margin of Error!!Total:!!Natural resources, construction, and maintenance occupations:!!Finance and insurance, and real estate, and rental and leasing:!!Real estate and rental and leasing"
"B24050_123MA","Annotation of Margin of Error!!Total:!!Natural resources, construction, and maintenance occupations:!!Finance and insurance, and real estate, and rental and leasing:!!Real estate and rental and leasing"
"B24050_124E","Estimate!!Total:!!Natural resources, construction, and maintenance occupations:!!Professional, scientific, and management, and administrative, and waste management services:"
"B24050_124EA","Annotation of Estimate!!Total:!!Natural resources, construction, and maintenance occupations:!!Professional, scientific, and management, and administrative, and waste management services:"
"B24050_124M","Margin of Error!!Total:!!Natural resources, construction, and maintenance occupations:!!Professional, scientific, and management, and administrative, and waste management services:"
"B24050_124MA","Annotation of Margin of Error!!Total:!!Natural resources, construction, and maintenance occupations:!!Professional, scientific, and management, and administrative, and waste management services:"
"B24050_125E","Estimate!!Total:!!Natural resources, construction, and maintenance occupations:!!Professional, scientific, and management, and administrative, and waste management services:!!Professional, scientific, and technical services"
"B24050_125EA","Annotation of Estimate!!Total:!!Natural resources, construction, and maintenance occupations:!!Professional, scientific, and management, and administrative, and waste management services:!!Professional, scientific, and technical services"
"B24050_125M","Margin of Error!!Total:!!Natural resources, construction, and maintenance occupations:!!Professional, scientific, and management, and administrative, and waste management services:!!Professional, scientific, and technical services"
"B24050_125MA","Annotation of Margin of Error!!Total:!!Natural resources, construction, and maintenance occupations:!!Professional, scientific, and management, and administrative, and waste management services:!!Professional, scientific, and technical services"
"B24050_126E","Estimate!!Total:!!Natural resources, construction, and maintenance occupations:!!Professional, scientific, and management, and administrative, and waste management services:!!Management of companies and enterprises"
"B24050_126EA","Annotation of Estimate!!Total:!!Natural resources, construction, and maintenance occupations:!!Professional, scientific, and management, and administrative, and waste management services:!!Management of companies and enterprises"
"B24050_126M","Margin of Error!!Total:!!Natural resources, construction, and maintenance occupations:!!Professional, scientific, and management, and administrative, and waste management services:!!Management of companies and enterprises"
"B24050_126MA","Annotation of Margin of Error!!Total:!!Natural resources, construction, and maintenance occupations:!!Professional, scientific, and management, and administrative, and waste management services:!!Management of companies and enterprises"
"B24050_127E","Estimate!!Total:!!Natural resources, construction, and maintenance occupations:!!Professional, scientific, and management, and administrative, and waste management services:!!Administrative and support and waste management services"
"B24050_127EA","Annotation of Estimate!!Total:!!Natural resources, construction, and maintenance occupations:!!Professional, scientific, and management, and administrative, and waste management services:!!Administrative and support and waste management services"
"B24050_127M","Margin of Error!!Total:!!Natural resources, construction, and maintenance occupations:!!Professional, scientific, and management, and administrative, and waste management services:!!Administrative and support and waste management services"
"B24050_127MA","Annotation of Margin of Error!!Total:!!Natural resources, construction, and maintenance occupations:!!Professional, scientific, and management, and administrative, and waste management services:!!Administrative and support and waste management services"
"B24050_128E","Estimate!!Total:!!Natural resources, construction, and maintenance occupations:!!Educational services, and health care and social assistance:"
"B24050_128EA","Annotation of Estimate!!Total:!!Natural resources, construction, and maintenance occupations:!!Educational services, and health care and social assistance:"
"B24050_128M","Margin of Error!!Total:!!Natural resources, construction, and maintenance occupations:!!Educational services, and health care and social assistance:"
"B24050_128MA","Annotation of Margin of Error!!Total:!!Natural resources, construction, and maintenance occupations:!!Educational services, and health care and social assistance:"
"B24050_129E","Estimate!!Total:!!Natural resources, construction, and maintenance occupations:!!Educational services, and health care and social assistance:!!Educational services"
"B24050_129EA","Annotation of Estimate!!Total:!!Natural resources, construction, and maintenance occupations:!!Educational services, and health care and social assistance:!!Educational services"
"B24050_129M","Margin of Error!!Total:!!Natural resources, construction, and maintenance occupations:!!Educational services, and health care and social assistance:!!Educational services"
"B24050_129MA","Annotation of Margin of Error!!Total:!!Natural resources, construction, and maintenance occupations:!!Educational services, and health care and social assistance:!!Educational services"
"B24050_130E","Estimate!!Total:!!Natural resources, construction, and maintenance occupations:!!Educational services, and health care and social assistance:!!Health care and social assistance"
"B24050_130EA","Annotation of Estimate!!Total:!!Natural resources, construction, and maintenance occupations:!!Educational services, and health care and social assistance:!!Health care and social assistance"
"B24050_130M","Margin of Error!!Total:!!Natural resources, construction, and maintenance occupations:!!Educational services, and health care and social assistance:!!Health care and social assistance"
"B24050_130MA","Annotation of Margin of Error!!Total:!!Natural resources, construction, and maintenance occupations:!!Educational services, and health care and social assistance:!!Health care and social assistance"
"B24050_131E","Estimate!!Total:!!Natural resources, construction, and maintenance occupations:!!Arts, entertainment, and recreation, and accommodation and food services:"
"B24050_131EA","Annotation of Estimate!!Total:!!Natural resources, construction, and maintenance occupations:!!Arts, entertainment, and recreation, and accommodation and food services:"
"B24050_131M","Margin of Error!!Total:!!Natural resources, construction, and maintenance occupations:!!Arts, entertainment, and recreation, and accommodation and food services:"
"B24050_131MA","Annotation of Margin of Error!!Total:!!Natural resources, construction, and maintenance occupations:!!Arts, entertainment, and recreation, and accommodation and food services:"
"B24050_132E","Estimate!!Total:!!Natural resources, construction, and maintenance occupations:!!Arts, entertainment, and recreation, and accommodation and food services:!!Arts, entertainment, and recreation"
"B24050_132EA","Annotation of Estimate!!Total:!!Natural resources, construction, and maintenance occupations:!!Arts, entertainment, and recreation, and accommodation and food services:!!Arts, entertainment, and recreation"
"B24050_132M","Margin of Error!!Total:!!Natural resources, construction, and maintenance occupations:!!Arts, entertainment, and recreation, and accommodation and food services:!!Arts, entertainment, and recreation"
"B24050_132MA","Annotation of Margin of Error!!Total:!!Natural resources, construction, and maintenance occupations:!!Arts, entertainment, and recreation, and accommodation and food services:!!Arts, entertainment, and recreation"
"B24050_133E","Estimate!!Total:!!Natural resources, construction, and maintenance occupations:!!Arts, entertainment, and recreation, and accommodation and food services:!!Accommodation and food services"
"B24050_133EA","Annotation of Estimate!!Total:!!Natural resources, construction, and maintenance occupations:!!Arts, entertainment, and recreation, and accommodation and food services:!!Accommodation and food services"
"B24050_133M","Margin of Error!!Total:!!Natural resources, construction, and maintenance occupations:!!Arts, entertainment, and recreation, and accommodation and food services:!!Accommodation and food services"
"B24050_133MA","Annotation of Margin of Error!!Total:!!Natural resources, construction, and maintenance occupations:!!Arts, entertainment, and recreation, and accommodation and food services:!!Accommodation and food services"
"B24050_134E","Estimate!!Total:!!Natural resources, construction, and maintenance occupations:!!Other services, except public administration"
"B24050_134EA","Annotation of Estimate!!Total:!!Natural resources, construction, and maintenance occupations:!!Other services, except public administration"
"B24050_134M","Margin of Error!!Total:!!Natural resources, construction, and maintenance occupations:!!Other services, except public administration"
"B24050_134MA","Annotation of Margin of Error!!Total:!!Natural resources, construction, and maintenance occupations:!!Other services, except public administration"
"B24050_135E","Estimate!!Total:!!Natural resources, construction, and maintenance occupations:!!Public administration"
"B24050_135EA","Annotation of Estimate!!Total:!!Natural resources, construction, and maintenance occupations:!!Public administration"
"B24050_135M","Margin of Error!!Total:!!Natural resources, construction, and maintenance occupations:!!Public administration"
"B24050_135MA","Annotation of Margin of Error!!Total:!!Natural resources, construction, and maintenance occupations:!!Public administration"
"B24050_136E","Estimate!!Total:!!Production, transportation, and material moving occupations:"
"B24050_136EA","Annotation of Estimate!!Total:!!Production, transportation, and material moving occupations:"
"B24050_136M","Margin of Error!!Total:!!Production, transportation, and material moving occupations:"
"B24050_136MA","Annotation of Margin of Error!!Total:!!Production, transportation, and material moving occupations:"
"B24050_137E","Estimate!!Total:!!Production, transportation, and material moving occupations:!!Agriculture, forestry, fishing and hunting, and mining:"
"B24050_137EA","Annotation of Estimate!!Total:!!Production, transportation, and material moving occupations:!!Agriculture, forestry, fishing and hunting, and mining:"
"B24050_137M","Margin of Error!!Total:!!Production, transportation, and material moving occupations:!!Agriculture, forestry, fishing and hunting, and mining:"
"B24050_137MA","Annotation of Margin of Error!!Total:!!Production, transportation, and material moving occupations:!!Agriculture, forestry, fishing and hunting, and mining:"
"B24050_138E","Estimate!!Total:!!Production, transportation, and material moving occupations:!!Agriculture, forestry, fishing and hunting, and mining:!!Agriculture, forestry, fishing and hunting"
"B24050_138EA","Annotation of Estimate!!Total:!!Production, transportation, and material moving occupations:!!Agriculture, forestry, fishing and hunting, and mining:!!Agriculture, forestry, fishing and hunting"
"B24050_138M","Margin of Error!!Total:!!Production, transportation, and material moving occupations:!!Agriculture, forestry, fishing and hunting, and mining:!!Agriculture, forestry, fishing and hunting"
"B24050_138MA","Annotation of Margin of Error!!Total:!!Production, transportation, and material moving occupations:!!Agriculture, forestry, fishing and hunting, and mining:!!Agriculture, forestry, fishing and hunting"
"B24050_139E","Estimate!!Total:!!Production, transportation, and material moving occupations:!!Agriculture, forestry, fishing and hunting, and mining:!!Mining, quarrying, and oil and gas extraction"
"B24050_139EA","Annotation of Estimate!!Total:!!Production, transportation, and material moving occupations:!!Agriculture, forestry, fishing and hunting, and mining:!!Mining, quarrying, and oil and gas extraction"
"B24050_139M","Margin of Error!!Total:!!Production, transportation, and material moving occupations:!!Agriculture, forestry, fishing and hunting, and mining:!!Mining, quarrying, and oil and gas extraction"
"B24050_139MA","Annotation of Margin of Error!!Total:!!Production, transportation, and material moving occupations:!!Agriculture, forestry, fishing and hunting, and mining:!!Mining, quarrying, and oil and gas extraction"
"B24050_140E","Estimate!!Total:!!Production, transportation, and material moving occupations:!!Construction"
"B24050_140EA","Annotation of Estimate!!Total:!!Production, transportation, and material moving occupations:!!Construction"
"B24050_140M","Margin of Error!!Total:!!Production, transportation, and material moving occupations:!!Construction"
"B24050_140MA","Annotation of Margin of Error!!Total:!!Production, transportation, and material moving occupations:!!Construction"
"B24050_141E","Estimate!!Total:!!Production, transportation, and material moving occupations:!!Manufacturing"
"B24050_141EA","Annotation of Estimate!!Total:!!Production, transportation, and material moving occupations:!!Manufacturing"
"B24050_141M","Margin of Error!!Total:!!Production, transportation, and material moving occupations:!!Manufacturing"
"B24050_141MA","Annotation of Margin of Error!!Total:!!Production, transportation, and material moving occupations:!!Manufacturing"
"B24050_142E","Estimate!!Total:!!Production, transportation, and material moving occupations:!!Wholesale trade"
"B24050_142EA","Annotation of Estimate!!Total:!!Production, transportation, and material moving occupations:!!Wholesale trade"
"B24050_142M","Margin of Error!!Total:!!Production, transportation, and material moving occupations:!!Wholesale trade"
"B24050_142MA","Annotation of Margin of Error!!Total:!!Production, transportation, and material moving occupations:!!Wholesale trade"
"B24050_143E","Estimate!!Total:!!Production, transportation, and material moving occupations:!!Retail trade"
"B24050_143EA","Annotation of Estimate!!Total:!!Production, transportation, and material moving occupations:!!Retail trade"
"B24050_143M","Margin of Error!!Total:!!Production, transportation, and material moving occupations:!!Retail trade"
"B24050_143MA","Annotation of Margin of Error!!Total:!!Production, transportation, and material moving occupations:!!Retail trade"
"B24050_144E","Estimate!!Total:!!Production, transportation, and material moving occupations:!!Transportation and warehousing, and utilities:"
"B24050_144EA","Annotation of Estimate!!Total:!!Production, transportation, and material moving occupations:!!Transportation and warehousing, and utilities:"
"B24050_144M","Margin of Error!!Total:!!Production, transportation, and material moving occupations:!!Transportation and warehousing, and utilities:"
"B24050_144MA","Annotation of Margin of Error!!Total:!!Production, transportation, and material moving occupations:!!Transportation and warehousing, and utilities:"
"B24050_145E","Estimate!!Total:!!Production, transportation, and material moving occupations:!!Transportation and warehousing, and utilities:!!Transportation and warehousing"
"B24050_145EA","Annotation of Estimate!!Total:!!Production, transportation, and material moving occupations:!!Transportation and warehousing, and utilities:!!Transportation and warehousing"
"B24050_145M","Margin of Error!!Total:!!Production, transportation, and material moving occupations:!!Transportation and warehousing, and utilities:!!Transportation and warehousing"
"B24050_145MA","Annotation of Margin of Error!!Total:!!Production, transportation, and material moving occupations:!!Transportation and warehousing, and utilities:!!Transportation and warehousing"
"B24050_146E","Estimate!!Total:!!Production, transportation, and material moving occupations:!!Transportation and warehousing, and utilities:!!Utilities"
"B24050_146EA","Annotation of Estimate!!Total:!!Production, transportation, and material moving occupations:!!Transportation and warehousing, and utilities:!!Utilities"
"B24050_146M","Margin of Error!!Total:!!Production, transportation, and material moving occupations:!!Transportation and warehousing, and utilities:!!Utilities"
"B24050_146MA","Annotation of Margin of Error!!Total:!!Production, transportation, and material moving occupations:!!Transportation and warehousing, and utilities:!!Utilities"
"B24050_147E","Estimate!!Total:!!Production, transportation, and material moving occupations:!!Information"
"B24050_147EA","Annotation of Estimate!!Total:!!Production, transportation, and material moving occupations:!!Information"
"B24050_147M","Margin of Error!!Total:!!Production, transportation, and material moving occupations:!!Information"
"B24050_147MA","Annotation of Margin of Error!!Total:!!Production, transportation, and material moving occupations:!!Information"
"B24050_148E","Estimate!!Total:!!Production, transportation, and material moving occupations:!!Finance and insurance, and real estate, and rental and leasing:"
"B24050_148EA","Annotation of Estimate!!Total:!!Production, transportation, and material moving occupations:!!Finance and insurance, and real estate, and rental and leasing:"
"B24050_148M","Margin of Error!!Total:!!Production, transportation, and material moving occupations:!!Finance and insurance, and real estate, and rental and leasing:"
"B24050_148MA","Annotation of Margin of Error!!Total:!!Production, transportation, and material moving occupations:!!Finance and insurance, and real estate, and rental and leasing:"
"B24050_149E","Estimate!!Total:!!Production, transportation, and material moving occupations:!!Finance and insurance, and real estate, and rental and leasing:!!Finance and insurance"
"B24050_149EA","Annotation of Estimate!!Total:!!Production, transportation, and material moving occupations:!!Finance and insurance, and real estate, and rental and leasing:!!Finance and insurance"
"B24050_149M","Margin of Error!!Total:!!Production, transportation, and material moving occupations:!!Finance and insurance, and real estate, and rental and leasing:!!Finance and insurance"
"B24050_149MA","Annotation of Margin of Error!!Total:!!Production, transportation, and material moving occupations:!!Finance and insurance, and real estate, and rental and leasing:!!Finance and insurance"
"B24050_150E","Estimate!!Total:!!Production, transportation, and material moving occupations:!!Finance and insurance, and real estate, and rental and leasing:!!Real estate and rental and leasing"
"B24050_150EA","Annotation of Estimate!!Total:!!Production, transportation, and material moving occupations:!!Finance and insurance, and real estate, and rental and leasing:!!Real estate and rental and leasing"
"B24050_150M","Margin of Error!!Total:!!Production, transportation, and material moving occupations:!!Finance and insurance, and real estate, and rental and leasing:!!Real estate and rental and leasing"
"B24050_150MA","Annotation of Margin of Error!!Total:!!Production, transportation, and material moving occupations:!!Finance and insurance, and real estate, and rental and leasing:!!Real estate and rental and leasing"
"B24050_151E","Estimate!!Total:!!Production, transportation, and material moving occupations:!!Professional, scientific, and management, and administrative, and waste management services:"
"B24050_151EA","Annotation of Estimate!!Total:!!Production, transportation, and material moving occupations:!!Professional, scientific, and management, and administrative, and waste management services:"
"B24050_151M","Margin of Error!!Total:!!Production, transportation, and material moving occupations:!!Professional, scientific, and management, and administrative, and waste management services:"
"B24050_151MA","Annotation of Margin of Error!!Total:!!Production, transportation, and material moving occupations:!!Professional, scientific, and management, and administrative, and waste management services:"
"B24050_152E","Estimate!!Total:!!Production, transportation, and material moving occupations:!!Professional, scientific, and management, and administrative, and waste management services:!!Professional, scientific, and technical services"
"B24050_152EA","Annotation of Estimate!!Total:!!Production, transportation, and material moving occupations:!!Professional, scientific, and management, and administrative, and waste management services:!!Professional, scientific, and technical services"
"B24050_152M","Margin of Error!!Total:!!Production, transportation, and material moving occupations:!!Professional, scientific, and management, and administrative, and waste management services:!!Professional, scientific, and technical services"
"B24050_152MA","Annotation of Margin of Error!!Total:!!Production, transportation, and material moving occupations:!!Professional, scientific, and management, and administrative, and waste management services:!!Professional, scientific, and technical services"
"B24050_153E","Estimate!!Total:!!Production, transportation, and material moving occupations:!!Professional, scientific, and management, and administrative, and waste management services:!!Management of companies and enterprises"
"B24050_153EA","Annotation of Estimate!!Total:!!Production, transportation, and material moving occupations:!!Professional, scientific, and management, and administrative, and waste management services:!!Management of companies and enterprises"
"B24050_153M","Margin of Error!!Total:!!Production, transportation, and material moving occupations:!!Professional, scientific, and management, and administrative, and waste management services:!!Management of companies and enterprises"
"B24050_153MA","Annotation of Margin of Error!!Total:!!Production, transportation, and material moving occupations:!!Professional, scientific, and management, and administrative, and waste management services:!!Management of companies and enterprises"
"B24050_154E","Estimate!!Total:!!Production, transportation, and material moving occupations:!!Professional, scientific, and management, and administrative, and waste management services:!!Administrative and support and waste management services"
"B24050_154EA","Annotation of Estimate!!Total:!!Production, transportation, and material moving occupations:!!Professional, scientific, and management, and administrative, and waste management services:!!Administrative and support and waste management services"
"B24050_154M","Margin of Error!!Total:!!Production, transportation, and material moving occupations:!!Professional, scientific, and management, and administrative, and waste management services:!!Administrative and support and waste management services"
"B24050_154MA","Annotation of Margin of Error!!Total:!!Production, transportation, and material moving occupations:!!Professional, scientific, and management, and administrative, and waste management services:!!Administrative and support and waste management services"
"B24050_155E","Estimate!!Total:!!Production, transportation, and material moving occupations:!!Educational services, and health care and social assistance:"
"B24050_155M","Margin of Error!!Total:!!Production, transportation, and material moving occupations:!!Educational services, and health care and social assistance:"
"B24050_155MA","Annotation of Margin of Error!!Total:!!Production, transportation, and material moving occupations:!!Educational services, and health care and social assistance:"
"B24050_155EA","Annotation of Estimate!!Total:!!Production, transportation, and material moving occupations:!!Educational services, and health care and social assistance:"
"B24050_156E","Estimate!!Total:!!Production, transportation, and material moving occupations:!!Educational services, and health care and social assistance:!!Educational services"
"B24050_156EA","Annotation of Estimate!!Total:!!Production, transportation, and material moving occupations:!!Educational services, and health care and social assistance:!!Educational services"
"B24050_156M","Margin of Error!!Total:!!Production, transportation, and material moving occupations:!!Educational services, and health care and social assistance:!!Educational services"
"B24050_156MA","Annotation of Margin of Error!!Total:!!Production, transportation, and material moving occupations:!!Educational services, and health care and social assistance:!!Educational services"
"B24050_157E","Estimate!!Total:!!Production, transportation, and material moving occupations:!!Educational services, and health care and social assistance:!!Health care and social assistance"
"B24050_157EA","Annotation of Estimate!!Total:!!Production, transportation, and material moving occupations:!!Educational services, and health care and social assistance:!!Health care and social assistance"
"B24050_157M","Margin of Error!!Total:!!Production, transportation, and material moving occupations:!!Educational services, and health care and social assistance:!!Health care and social assistance"
"B24050_157MA","Annotation of Margin of Error!!Total:!!Production, transportation, and material moving occupations:!!Educational services, and health care and social assistance:!!Health care and social assistance"
"B24050_158E","Estimate!!Total:!!Production, transportation, and material moving occupations:!!Arts, entertainment, and recreation, and accommodation and food services:"
"B24050_158EA","Annotation of Estimate!!Total:!!Production, transportation, and material moving occupations:!!Arts, entertainment, and recreation, and accommodation and food services:"
"B24050_158M","Margin of Error!!Total:!!Production, transportation, and material moving occupations:!!Arts, entertainment, and recreation, and accommodation and food services:"
"B24050_158MA","Annotation of Margin of Error!!Total:!!Production, transportation, and material moving occupations:!!Arts, entertainment, and recreation, and accommodation and food services:"
"B24050_159E","Estimate!!Total:!!Production, transportation, and material moving occupations:!!Arts, entertainment, and recreation, and accommodation and food services:!!Arts, entertainment, and recreation"
"B24050_159M","Margin of Error!!Total:!!Production, transportation, and material moving occupations:!!Arts, entertainment, and recreation, and accommodation and food services:!!Arts, entertainment, and recreation"
"B24050_159MA","Annotation of Margin of Error!!Total:!!Production, transportation, and material moving occupations:!!Arts, entertainment, and recreation, and accommodation and food services:!!Arts, entertainment, and recreation"
"B24050_159EA","Annotation of Estimate!!Total:!!Production, transportation, and material moving occupations:!!Arts, entertainment, and recreation, and accommodation and food services:!!Arts, entertainment, and recreation"
"B24050_160E","Estimate!!Total:!!Production, transportation, and material moving occupations:!!Arts, entertainment, and recreation, and accommodation and food services:!!Accommodation and food services"
"B24050_160EA","Annotation of Estimate!!Total:!!Production, transportation, and material moving occupations:!!Arts, entertainment, and recreation, and accommodation and food services:!!Accommodation and food services"
"B24050_160M","Margin of Error!!Total:!!Production, transportation, and material moving occupations:!!Arts, entertainment, and recreation, and accommodation and food services:!!Accommodation and food services"
"B24050_160MA","Annotation of Margin of Error!!Total:!!Production, transportation, and material moving occupations:!!Arts, entertainment, and recreation, and accommodation and food services:!!Accommodation and food services"
"B24050_161E","Estimate!!Total:!!Production, transportation, and material moving occupations:!!Other services, except public administration"
"B24050_161EA","Annotation of Estimate!!Total:!!Production, transportation, and material moving occupations:!!Other services, except public administration"
"B24050_161M","Margin of Error!!Total:!!Production, transportation, and material moving occupations:!!Other services, except public administration"
"B24050_161MA","Annotation of Margin of Error!!Total:!!Production, transportation, and material moving occupations:!!Other services, except public administration"
"B24050_162E","Estimate!!Total:!!Production, transportation, and material moving occupations:!!Public administration"
"B24050_162EA","Annotation of Estimate!!Total:!!Production, transportation, and material moving occupations:!!Public administration"
"B24050_162M","Margin of Error!!Total:!!Production, transportation, and material moving occupations:!!Public administration"
"B24050_162MA","Annotation of Margin of Error!!Total:!!Production, transportation, and material moving occupations:!!Public administration"
